topic,doc_id
"1. คำพิพากษาศาลฎีกาที่ 4912/2566","697541"
"2. คำพิพากษาศาลฎีกาที่ 4884/2566","698408"
"3. คำพิพากษาศาลฎีกาที่ 4687/2566","696739"
"4. คำพิพากษาศาลฎีกาที่ 4656/2566","698147"
"5. คำพิพากษาศาลฎีกาที่ 4639/2566","697983"
"6. คำพิพากษาศาลฎีกาที่ 4456/2566","697942"
"7. คำพิพากษาศาลฎีกาที่ 4382/2566","697941"
"8. คำพิพากษาศาลฎีกาที่ 4374/2566","698612"
"9. คำพิพากษาศาลฎีกาที่ 4290/2566","698313"
"10. คำพิพากษาศาลฎีกาที่ 4257/2566","697169"
"11. คำพิพากษาศาลฎีกาที่ 4209/2566","697539"
"12. คำพิพากษาศาลฎีกาที่ 4205/2566","697287"
"13. คำพิพากษาศาลฎีกาที่ 4196/2566","697293"
"14. คำพิพากษาศาลฎีกาที่ 4176/2566","697296"
"15. คำพิพากษาศาลฎีกาที่ 4129/2566","697168"
"16. คำพิพากษาศาลฎีกาที่ 4117/2566","697164"
"17. คำพิพากษาศาลฎีกาที่ 4105/2566","696459"
"18. คำพิพากษาศาลฎีกาที่ 4072/2566","697947"
"19. คำพิพากษาศาลฎีกาที่ 4071/2566","697948"
"20. คำพิพากษาศาลฎีกาที่ 4050/2566","696738"
"21. คำพิพากษาศาลฎีกาที่ 4009/2566","698614"
"22. คำพิพากษาศาลฎีกาที่ 3956/2566","696737"
"23. คำพิพากษาศาลฎีกาที่ 3950/2566","696138"
"24. คำพิพากษาศาลฎีกาที่ 3945/2566","694171"
"25. คำพิพากษาศาลฎีกาที่ 3884/2566","696284"
"26. คำพิพากษาศาลฎีกาที่ 3872 - 3873/2566","696282"
"27. คำพิพากษาศาลฎีกาที่ 3853/2566","696283"
"28. คำพิพากษาศาลฎีกาที่ 3805/2566","696136"
"29. คำพิพากษาศาลฎีกาที่ 3801/2566","696285"
"30. คำพิพากษาศาลฎีกาที่ 3765/2566","696286"
"31. คำพิพากษาศาลฎีกาที่ 3661/2566","696281"
"32. คำพิพากษาศาลฎีกาที่ 3659/2566","695680"
"33. คำพิพากษาศาลฎีกาที่ 3638/2566","697748"
"34. คำพิพากษาศาลฎีกาที่ 3620/2566","696290"
"35. คำพิพากษาศาลฎีกาที่ 3611 - 3612/2566","697945"
"36. คำพิพากษาศาลฎีกาที่ 3558/2566","696588"
"37. คำพิพากษาศาลฎีกาที่ 3546/2566","695951"
"38. คำพิพากษาศาลฎีกาที่ 3541/2566","695948"
"39. คำพิพากษาศาลฎีกาที่ 3465/2566","695950"
"40. คำพิพากษาศาลฎีกาที่ 3460/2566","695682"
"41. คำพิพากษาศาลฎีกาที่ 3444/2566","695681"
"42. คำพิพากษาศาลฎีกาที่ 3438/2566","695954"
"43. คำพิพากษาศาลฎีกาที่ 3429/2566","696289"
"44. คำพิพากษาศาลฎีกาที่ 3427/2566","695675"
"45. คำพิพากษาศาลฎีกาที่ 3425 - 3426/2566","696280"
"46. คำพิพากษาศาลฎีกาที่ 3417/2566","696135"
"47. คำพิพากษาศาลฎีกาที่ 3416/2566","696137"
"48. คำพิพากษาศาลฎีกาที่ 3395/2566","695188"
"49. คำพิพากษาศาลฎีกาที่ 3365/2566","696134"
"50. คำพิพากษาศาลฎีกาที่ 3364/2566","696133"
"51. คำพิพากษาศาลฎีกาที่ 3330/2566","697543"
"52. คำพิพากษาศาลฎีกาที่ 3327/2566","694804"
"53. คำพิพากษาศาลฎีกาที่ 3307/2566","696287"
"54. คำพิพากษาศาลฎีกาที่ 3290/2566","698611"
"55. คำพิพากษาศาลฎีกาที่ 3277/2566","693450"
"56. คำพิพากษาศาลฎีกาที่ 3265/2566","695184"
"57. คำพิพากษาศาลฎีกาที่ 3229/2566","695679"
"58. คำพิพากษาศาลฎีกาที่ 3191/2566","694144"
"59. คำพิพากษาศาลฎีกาที่ 3129/2566","695186"
"60. คำพิพากษาศาลฎีกาที่ 3127/2566","694797"
"61. คำพิพากษาศาลฎีกาที่ 3114/2566","696736"
"62. คำพิพากษาศาลฎีกาที่ 3098/2566","696139"
"63. คำพิพากษาศาลฎีกาที่ 3068/2566","694165"
"64. คำพิพากษาศาลฎีกาที่ 3057/2566","694143"
"65. คำพิพากษาศาลฎีกาที่ 3041/2566","695182"
"66. คำพิพากษาศาลฎีกาที่ 3038/2566","694796"
"67. คำพิพากษาศาลฎีกาที่ 3037/2566","694167"
"68. คำพิพากษาศาลฎีกาที่ 3036/2566","694166"
"69. คำพิพากษาศาลฎีกาที่ 3031/2566","694145"
"70. คำพิพากษาศาลฎีกาที่ 3007/2566","694170"
"71. คำพิพากษาศาลฎีกาที่ 3003/2566","693668"
"72. คำพิพากษาศาลฎีกาที่ 2996/2566","694149"
"73. คำพิพากษาศาลฎีกาที่ 2993/2566","695189"
"74. คำพิพากษาศาลฎีกาที่ 2987/2566","693696"
"75. คำพิพากษาศาลฎีกาที่ 2979/2566","693457"
"76. คำพิพากษาศาลฎีกาที่ 2960/2566","694142"
"77. คำพิพากษาศาลฎีกาที่ 2951/2566","693673"
"78. คำพิพากษาศาลฎีกาที่ 2915/2566","693451"
"79. คำพิพากษาศาลฎีกาที่ 2912/2566","694168"
"80. คำพิพากษาศาลฎีกาที่ 2867/2566","694805"
"81. คำพิพากษาศาลฎีกาที่ 2863/2566","694801"
"82. คำพิพากษาศาลฎีกาที่ 2860/2566","693667"
"83. คำพิพากษาศาลฎีกาที่ 2836/2566","695183"
"84. คำพิพากษาศาลฎีกาที่ 2835/2566","694799"
"85. คำพิพากษาศาลฎีกาที่ 2833/2566","694173"
"86. คำพิพากษาศาลฎีกาที่ 2813/2566","693666"
"87. คำพิพากษาศาลฎีกาที่ 2720 - 2721/2566","694164"
"88. คำพิพากษาศาลฎีกาที่ 2710/2566","693662"
"89. คำพิพากษาศาลฎีกาที่ 2695/2566","695191"
"90. คำพิพากษาศาลฎีกาที่ 2693/2566","694147"
"91. คำพิพากษาศาลฎีกาที่ 2659/2566","698150"
"92. คำพิพากษาศาลฎีกาที่ 2652/2566","693661"
"93. คำพิพากษาศาลฎีกาที่ 2651/2566","693446"
"94. คำพิพากษาศาลฎีกาที่ 2650/2566","693641"
"95. คำพิพากษาศาลฎีกาที่ 2647/2566","693447"
"96. คำพิพากษาศาลฎีกาที่ 2646/2566","693664"
"97. คำพิพากษาศาลฎีกาที่ 2623/2566","695181"
"98. คำพิพากษาศาลฎีกาที่ 2610/2566","690618"
"99. คำพิพากษาศาลฎีกาที่ 2609/2566","690619"
"100. คำพิพากษาศาลฎีกาที่ 2591/2566","693445"
"101. คำพิพากษาศาลฎีกาที่ 2554/2566","695676"
"102. คำพิพากษาศาลฎีกาที่ 2525/2566","691706"
"103. คำพิพากษาศาลฎีกาที่ 2498/2566","693640"
"104. คำพิพากษาศาลฎีกาที่ 2483/2566","694148"
"105. คำพิพากษาศาลฎีกาที่ 2475 - 2476/2566","693670"
"106. คำพิพากษาศาลฎีกาที่ 2416/2566","693669"
"107. คำพิพากษาศาลฎีกาที่ 2413/2566","695677"
"108. คำพิพากษาศาลฎีกาที่ 2401/2566","693660"
"109. คำพิพากษาศาลฎีกาที่ 2354/2566","693639"
"110. คำพิพากษาศาลฎีกาที่ 2241/2566","691374"
"111. คำพิพากษาศาลฎีกาที่ 2229/2566","693701"
"112. คำพิพากษาศาลฎีกาที่ 2196/2566","696288"
"113. คำพิพากษาศาลฎีกาที่ 2185/2566","693659"
"114. คำพิพากษาศาลฎีกาที่ 2164/2566","691705"
"115. คำพิพากษาศาลฎีกาที่ 2088/2566","693461"
"116. คำพิพากษาศาลฎีกาที่ 2085/2566","691963"
"117. คำพิพากษาศาลฎีกาที่ 2050/2566","693439"
"118. คำพิพากษาศาลฎีกาที่ 2047/2566","693703"
"119. คำพิพากษาศาลฎีกาที่ 2040/2566","691972"
"120. คำพิพากษาศาลฎีกาที่ 1994/2566","694800"
"121. คำพิพากษาศาลฎีกาที่ 1978/2566","690886"
"122. คำพิพากษาศาลฎีกาที่ 1967/2566","693443"
"123. คำพิพากษาศาลฎีกาที่ 1943/2566","690849"
"124. คำพิพากษาศาลฎีกาที่ 1901/2566","691959"
"125. คำพิพากษาศาลฎีกาที่ 1879/2566","691704"
"126. คำพิพากษาศาลฎีกาที่ 1878/2566","691965"
"127. คำพิพากษาศาลฎีกาที่ 1875/2566","693456"
"128. คำพิพากษาศาลฎีกาที่ 1874/2566","691967"
"129. คำพิพากษาศาลฎีกาที่ 1869/2566","692038"
"130. คำพิพากษาศาลฎีกาที่ 1818/2566","693441"
"131. คำพิพากษาศาลฎีกาที่ 1788/2566","691385"
"132. คำพิพากษาศาลฎีกาที่ 1785/2566","691962"
"133. คำพิพากษาศาลฎีกาที่ 1765/2566","691960"
"134. คำพิพากษาศาลฎีกาที่ 1695/2566","693677"
"135. คำพิพากษาศาลฎีกาที่ 1689/2566","693672"
"136. คำพิพากษาศาลฎีกาที่ 1684/2566","692040"
"137. คำพิพากษาศาลฎีกาที่ 1615/2566","691590"
"138. คำพิพากษาศาลฎีกาที่ 1595/2566","692032"
"139. คำพิพากษาศาลฎีกาที่ 1585/2566","694169"
"140. คำพิพากษาศาลฎีกาที่ 1574/2566","691369"
"141. คำพิพากษาศาลฎีกาที่ 1552/2566","690167"
"142. คำพิพากษาศาลฎีกาที่ 1542/2566","691544"
"143. คำพิพากษาศาลฎีกาที่ 1528/2566","691372"
"144. คำพิพากษาศาลฎีกาที่ 1523/2566","691377"
"145. คำพิพากษาศาลฎีกาที่ 1509/2566","693657"
"146. คำพิพากษาศาลฎีกาที่ 1507/2566","693454"
"147. คำพิพากษาศาลฎีกาที่ 1498/2566","691380"
"148. คำพิพากษาศาลฎีกาที่ 1494/2566","691384"
"149. คำพิพากษาศาลฎีกาที่ 1488/2566","691185"
"150. คำพิพากษาศาลฎีกาที่ 1468/2566","690287"
"151. คำพิพากษาศาลฎีกาที่ 1467/2566","691587"
"152. คำพิพากษาศาลฎีกาที่ 1399/2566","691964"
"153. คำพิพากษาศาลฎีกาที่ 1373/2566","689158"
"154. คำพิพากษาศาลฎีกาที่ 1323/2566","693452"
"155. คำพิพากษาศาลฎีกาที่ 1322/2566","691961"
"156. คำพิพากษาศาลฎีกาที่ 1307/2566","692039"
"157. คำพิพากษาศาลฎีกาที่ 1306/2566","690887"
"158. คำพิพากษาศาลฎีกาที่ 1305/2566","690941"
"159. คำพิพากษาศาลฎีกาที่ 1302/2566","692034"
"160. คำพิพากษาศาลฎีกาที่ 1301/2566","691541"
"161. คำพิพากษาศาลฎีกาที่ 1300/2566","691189"
"162. คำพิพากษาศาลฎีกาที่ 1230/2566","691168"
"163. คำพิพากษาศาลฎีกาที่ 1225/2566","690848"
"164. คำพิพากษาศาลฎีกาที่ 1193/2566","691968"
"165. คำพิพากษาศาลฎีกาที่ 1173/2566","691969"
"166. คำพิพากษาศาลฎีกาที่ 1166/2566","691540"
"167. คำพิพากษาศาลฎีกาที่ 1165/2566","690881"
"168. คำพิพากษาศาลฎีกาที่ 1137/2566","691970"
"169. คำพิพากษาศาลฎีกาที่ 1112/2566","692037"
"170. คำพิพากษาศาลฎีกาที่ 1101/2566","689718"
"171. คำพิพากษาศาลฎีกาที่ 1090/2566","687358"
"172. คำพิพากษาศาลฎีกาที่ 1088/2566","691187"
"173. คำพิพากษาศาลฎีกาที่ 1081/2566","690164"
"174. คำพิพากษาศาลฎีกาที่ 1023/2566","693655"
"175. คำพิพากษาศาลฎีกาที่ 1003/2566","691542"
"176. คำพิพากษาศาลฎีกาที่ 961/2566","691368"
"177. คำพิพากษาศาลฎีกาที่ 960/2566","691373"
"178. คำพิพากษาศาลฎีกาที่ 934/2566","690851"
"179. คำพิพากษาศาลฎีกาที่ 922/2566","691539"
"180. คำพิพากษาศาลฎีกาที่ 920/2566","691417"
"181. คำพิพากษาศาลฎีกาที่ 920/2566","691585"
"182. คำพิพากษาศาลฎีกาที่ 917/2566","692036"
"183. คำพิพากษาศาลฎีกาที่ 916/2566","691192"
"184. คำพิพากษาศาลฎีกาที่ 882/2566","691186"
"185. คำพิพากษาศาลฎีกาที่ 835/2566","691588"
"186. คำพิพากษาศาลฎีกาที่ 761/2566","690546"
"187. คำพิพากษาศาลฎีกาที่ 756/2566","688321"
"188. คำพิพากษาศาลฎีกาที่ 745/2566","692041"
"189. คำพิพากษาศาลฎีกาที่ 740/2566","691971"
"190. คำพิพากษาศาลฎีกาที่ 728/2566","690847"
"191. คำพิพากษาศาลฎีกาที่ 674/2566","691370"
"192. คำพิพากษาศาลฎีกาที่ 666 - 667/2566","693462"
"193. คำพิพากษาศาลฎีกาที่ 664/2566","691383"
"194. คำพิพากษาศาลฎีกาที่ 653/2566","692035"
"195. คำพิพากษาศาลฎีกาที่ 643/2566","690878"
"196. คำพิพากษาศาลฎีกาที่ 614/2566","690543"
"197. คำพิพากษาศาลฎีกาที่ 597 - 602/2566","690882"
"198. คำพิพากษาศาลฎีกาที่ 585 - 586/2566","691966"
"199. คำพิพากษาศาลฎีกาที่ 540/2566","691381"
"200. คำพิพากษาศาลฎีกาที่ 534 - 535/2566","689194"
"201. คำพิพากษาศาลฎีกาที่ 532/2566","691191"
"202. คำพิพากษาศาลฎีกาที่ 514/2566","693465"
"203. คำพิพากษาศาลฎีกาที่ 468/2566","689612"
"204. คำพิพากษาศาลฎีกาที่ 466/2566","690845"
"205. คำพิพากษาศาลฎีกาที่ 452/2566","690844"
"206. คำพิพากษาศาลฎีกาที่ 448/2566","689719"
"207. คำพิพากษาศาลฎีกาที่ 440/2566","690879"
"208. คำพิพากษาศาลฎีกาที่ 425/2566","691371"
"209. คำพิพากษาศาลฎีกาที่ 403/2566","691543"
"210. คำพิพากษาศาลฎีกาที่ 353/2566","690435"
"211. คำพิพากษาศาลฎีกาที่ 340/2566","690286"
"212. คำพิพากษาศาลฎีกาที่ 326/2566","690542"
"213. คำพิพากษาศาลฎีกาที่ 305/2566","693442"
"214. คำพิพากษาศาลฎีกาที่ 282/2566","686573"
"215. คำพิพากษาศาลฎีกาที่ 260/2566","690877"
"216. คำพิพากษาศาลฎีกาที่ 246/2566","688767"
"217. คำพิพากษาศาลฎีกาที่ 228/2566","690883"
"218. คำพิพากษาศาลฎีกาที่ 214/2566","690537"
"219. คำพิพากษาศาลฎีกาที่ 210/2566","690285"
"220. คำพิพากษาศาลฎีกาที่ 185/2566","690885"
"221. คำพิพากษาศาลฎีกาที่ 178/2566","690539"
"222. คำพิพากษาศาลฎีกาที่ 171/2566","690540"
"223. คำพิพากษาศาลฎีกาที่ 160/2566","690280"
"224. คำพิพากษาศาลฎีกาที่ 159/2566","691958"
"225. คำพิพากษาศาลฎีกาที่ 129/2566","692033"
"226. คำพิพากษาศาลฎีกาที่ 128/2566","690880"
"227. คำพิพากษาศาลฎีกาที่ 113/2566","691190"
"228. คำพิพากษาศาลฎีกาที่ 111 - 112/2566","690284"
"229. คำพิพากษาศาลฎีกาที่ 108/2566","686577"
"230. คำพิพากษาศาลฎีกาที่ 67/2566","689105"
"231. คำพิพากษาศาลฎีกาที่ 60/2566","688893"
"232. คำพิพากษาศาลฎีกาที่ 59/2566","689720"
"233. คำพิพากษาศาลฎีกาที่ 58/2566","690850"
"234. คำพิพากษาศาลฎีกาที่ 53/2566","689801"
"235. คำพิพากษาศาลฎีกาที่ 47/2566","686578"
"236. คำพิพากษาศาลฎีกาที่ 42/2566","689157"
"237. คำพิพากษาศาลฎีกาที่ 39/2566","690538"
"238. คำพิพากษาศาลฎีกาที่ อม. 5/2566","690691"
"239. คำวินิจฉัยที่ 104/2566","699383"
"240. คำวินิจฉัยที่ 101/2566","699382"
"241. คำวินิจฉัยที่ 100/2566","699381"
"242. คำวินิจฉัยที่ 97/2566","698971"
"243. คำวินิจฉัยที่ 96/2566","699389"
"244. คำวินิจฉัยที่ 95/2566","698970"
"245. คำวินิจฉัยที่ 94/2566","699388"
"246. คำวินิจฉัยที่ 93/2566","698969"
"247. คำวินิจฉัยที่ 92/2566","699387"
"248. คำวินิจฉัยที่ 91/2566","699386"
"249. คำวินิจฉัยที่ 90/2566","699385"
"250. คำวินิจฉัยที่ 89/2566","699384"
"251. คำวินิจฉัยที่ 88/2566","699331"
"252. คำวินิจฉัยที่ 86/2566","699330"
"253. คำวินิจฉัยที่ 85/2566","697456"
"254. คำวินิจฉัยที่ 83/2566","698968"
"255. คำวินิจฉัยที่ 82/2566","697455"
"256. คำวินิจฉัยที่ 81/2566","698967"
"257. คำวินิจฉัยที่ 78/2566","696664"
"258. คำวินิจฉัยที่ 77/2566","697453"
"259. คำวินิจฉัยที่ 76/2566","696666"
"260. คำวินิจฉัยที่ 75/2566","697452"
"261. คำวินิจฉัยที่ 74/2566","696665"
"262. คำวินิจฉัยที่ 73/2566","696663"
"263. คำวินิจฉัยที่ 72/2566","696662"
"264. คำวินิจฉัยที่ 71/2566","695976"
"265. คำวินิจฉัยที่ 68/2566","696661"
"266. คำวินิจฉัยที่ 67/2566","696660"
"267. คำวินิจฉัยที่ 66/2566","696659"
"268. คำวินิจฉัยที่ 65/2566","696658"
"269. คำวินิจฉัยที่ 64/2566","696657"
"270. คำวินิจฉัยที่ 63/2566","696656"
"271. คำวินิจฉัยที่ 62/2566","696655"
"272. คำวินิจฉัยที่ 60/2566","695975"
"273. คำวินิจฉัยที่ 57/2566","696654"
"274. คำวินิจฉัยที่ 56/2566","693650"
"275. คำวินิจฉัยที่ 54/2566","693649"
"276. คำวินิจฉัยที่ 53/2566","693647"
"277. คำวินิจฉัยที่ 52/2566","693645"
"278. คำวินิจฉัยที่ 50/2566","692626"
"279. คำวินิจฉัยที่ 49/2566","692625"
"280. คำวินิจฉัยที่ 48/2566","693644"
"281. คำวินิจฉัยที่ 46/2566","691941"
"282. คำวินิจฉัยที่ 45/2566","693643"
"283. คำวินิจฉัยที่ 44/2566","692624"
"284. คำวินิจฉัยที่ 43/2566","691942"
"285. คำวินิจฉัยที่ 42/2566","692623"
"286. คำวินิจฉัยที่ 41/2566","693648"
"287. คำวินิจฉัยที่ 40/2566","693646"
"288. คำวินิจฉัยที่ 37/2566","692582"
"289. คำวินิจฉัยที่ 36/2566","691911"
"290. คำวินิจฉัยที่ 35/2566","693652"
"291. คำวินิจฉัยที่ 34/2566","691804"
"292. คำวินิจฉัยที่ 33/2566","692581"
"293. คำวินิจฉัยที่ 32/2566","691949"
"294. คำวินิจฉัยที่ 31/2566","691803"
"295. คำวินิจฉัยที่ 28/2566","691947"
"296. คำวินิจฉัยที่ 27/2566","691946"
"297. คำวินิจฉัยที่ 25/2566","691956"
"298. คำวินิจฉัยที่ 18/2566","691802"
"299. คำวินิจฉัยที่ 17/2566","691955"
"300. คำวินิจฉัยที่ 7/2566","697450"
"301. คำวินิจฉัยที่ 5/2566","691952"
"302. คำวินิจฉัย(คำสั่ง)ที่ 55/2566","697451"
"303. คำวินิจฉัย(คำสั่ง)ที่ 39/2566","695974"
"304. คำวินิจฉัย(คำสั่ง)ที่ 38/2566","692622"
"305. คำวินิจฉัย(คำสั่ง)ที่ 23/2566","695973"
"306. คำวินิจฉัย(คำสั่ง)ที่ 22/2566","691945"
"307. คำวินิจฉัย(คำสั่ง)ที่ 20/2566","695972"
"308. คำวินิจฉัย(คำสั่ง)ที่ 19/2566","691944"
"309. คำวินิจฉัย(คำสั่ง)ที่ 15/2566","695971"
"310. คำวินิจฉัย(คำสั่ง)ที่ 13/2566","691950"
"311. คำวินิจฉัย(คำสั่ง)ที่ 12/2566","691951"
